customer_id,tenure_months,noise
1,25,4.014
2,13,-0.208
3,52,-1.17
4,25,-7.004
5,29,0.865
6,48,1.829
7,17,-2.965
8,17,0.57
9,47,-0.381
10,49,-5.657
11,59,-6.506
12,7,0.104
13,39,2.546
14,26,-1.306
15,53,1.457
16,50,-0.641
17,27,2.511
18,12,2.725
19,33,0.785
20,18,-1.369
21,2,-1.468
22,21,-0.436
23,42,-0.228
24,13,0.191
25,44,-0.934
26,55,-0.291
27,29,5.563
28,33,-0.454
29,55,-2.361
30,50,-4.275
31,16,5.709
32,32,4.025
33,53,-7.814
34,15,0.967
35,2,3.354
36,16,0.799
37,46,2.145
38,56,4.583
39,42,-2.746
40,13,4.718
41,16,-2.891
42,1,2.615
43,3,3.332
44,37,-0.531
45,7,-2.826
46,21,2.468
47,54,-0.165
48,28,1.943
49,16,1.212
50,8,0.321
51,41,-3.331
52,29,1.865
53,10,0.193
54,9,3.699
55,21,-0.518
56,38,-0.016
57,55,6.192
58,1,-3.688
59,13,-1.958
60,35,0.544
61,18,5.23
62,35,-3.305
63,56,0.877
64,35,5.677
65,50,-2.01
66,41,0.036
67,16,-4.898
68,23,4.898
69,2,-0.631
70,43,-1.974
71,15,0.277
72,48,2.102
73,35,6.548
74,53,-2.055
75,39,6.174
76,34,-3.017
77,18,0.213
78,56,2.625
79,3,0.348
80,49,-3.36
81,42,-1.201
82,34,-3.286
83,56,6.249
84,2,2.842
85,42,-7.476
86,45,5.407
87,47,-3.765
88,20,2.973
89,58,-3.081
90,46,1.107
91,43,0.453
92,28,0.184
93,48,-0.422
94,2,3.497
95,45,3.272
96,2,5.505
97,3,1.169
98,8,-2.95
99,10,0.968
100,4,0.55
101,50,-2.259
102,2,0.702
103,21,-0.191
104,26,-1.161
105,35,-0.346
106,28,-2.33
107,9,-2.995
108,20,-4.83
109,53,2.459
110,13,2.315
111,9,-0.926
112,4,1.481
113,27,1.517
114,49,-3.62
115,52,-2.006
116,33,-1.566
117,52,4.086
118,53,-1.358
119,33,-2.934
120,46,2.841
121,43,0.884
122,24,-4.489
123,48,-4.913
124,5,-5.741
125,59,-2.297
126,19,-5.925
127,13,2.439
128,56,2.047
129,33,0.4
130,50,-0.862
131,11,-4.435
132,28,2.414
133,9,-1.01
134,15,-4.622
135,49,-4.22
136,34,2.661
137,23,-2.221
138,47,-1.301
139,52,-0.824
140,30,-4.113
141,40,-4.925
142,27,-1.429
143,54,1.906
144,22,0.198
145,12,4.77
146,15,6.051
147,49,2.855
148,20,1.735
149,22,4.477
150,27,0.263
151,35,1.335
152,6,-3.774
153,10,-4.135
154,55,1.472
155,15,-0.243
156,53,-0.653
157,47,-3.438
158,12,-0.755
159,18,6.025
160,14,4.943
161,31,-0.619
162,24,3.245
163,38,3.623
164,32,0.649
165,42,-1.132
166,14,-3.37
167,54,-1.684
168,24,-1.355
169,21,-3.923
170,43,-0.125
171,50,1.907
172,37,-2.076
173,46,-2.433
174,49,1.977
175,50,-0.36
176,39,1.869
177,54,0.12
178,31,1.679
179,8,-0.857
180,49,-3.744
181,15,1.419
182,43,-0.281
183,32,0.278
184,28,2.34
185,5,-0.481
186,1,0.232
187,34,0.575
188,50,-2.148
189,57,-1.282
190,29,-3.29
191,15,1.231
192,40,-0.332
193,58,-4.376
194,22,-0.14
195,36,0.557
196,28,-0.923
197,48,0.231
198,16,0.528
199,17,-4.952
200,26,4.637
201,41,-7.712
202,46,-2.607
203,24,3.879
204,35,-0.713
205,57,-4.309
206,3,-4.107
207,20,2.209
208,19,-0.744
209,59,0.044
210,12,-1.406
211,11,-0.992
212,48,0.362
213,12,-2.018
214,56,1.159
215,52,2.035
216,16,0.578
217,39,1.262
218,19,2.552
219,27,1.08
220,54,0.5
221,45,-1.869
222,46,-7.104
223,45,1.539
224,33,-1.388
225,10,2.003
226,19,3.5
227,45,-0.323
228,23,3.466
229,47,-3.036
230,10,0.33
231,44,-5.458
232,58,-6.085
233,9,1.453
234,18,2.057
235,53,1.343
236,34,-3.69
237,56,3.501
238,36,-1.602
239,12,1.28
240,26,4.455
241,56,-4.841
242,30,-2.787
243,39,-1.589
244,29,-0.937
245,24,-3.767
246,45,-0.75
247,26,5.932
248,49,0.099
249,21,6.201
250,54,2.774
251,41,0.909
252,55,6.545
253,50,1.753
254,46,-0.625
255,3,-7.087
256,22,-4.607
257,40,-0.771
258,8,1.711
259,20,2.244
260,57,4.263
261,16,0.57
262,22,5.001
263,56,1.086
264,14,0.72
265,40,-0.266
266,52,0.948
267,21,-5.989
268,23,6.577
269,34,1.257
270,21,-3.324
271,54,-4.25
272,27,0.17
273,25,-0.143
274,44,0.129
275,36,-4.892
276,34,4.171
277,9,-2.165
278,13,-3.479
279,15,-3.212
280,25,0.959
281,10,-1.809
282,39,-0.814
283,51,3.034
284,13,0.801
285,52,0.198
286,7,0.057
287,46,-1.285
288,33,1.554
289,4,2.11
290,52,-1.141
291,50,4.188
292,53,-4.583
293,34,-1.138
294,27,-0.771
295,9,2.226
296,12,-0.057
297,2,-0.061
298,25,-4.111
299,28,0.341
300,26,-1.262
301,39,0.936
302,45,-0.56
303,45,-2.163
304,40,5.497
305,55,-0.642
306,42,2.273
307,44,-3.35
308,40,-6.044
309,41,-0.397
310,55,-0.967
311,28,4.351
312,16,0.243
313,8,-0.128
314,4,-3.774
315,37,3.112
316,19,-1.049
317,22,1.89
318,15,-6.65
319,37,-2.667
320,38,4.715
321,52,0.33
322,36,1.078
323,52,4.249
324,44,-1.602
325,25,0.274
326,49,2.848
327,58,3.597
328,33,0.503
329,18,2.471
330,18,-1.547
331,9,1.943
332,26,-0.075
333,40,5.505
334,13,0.209
335,53,-0.7
336,30,0.476
337,19,2.743
338,7,-0.633
339,42,0.979
340,50,5.213
341,25,3.948
342,23,3.773
343,45,0.017
344,58,3.181
345,15,0.759
346,38,0.528
347,3,4.869
348,8,-0.163
349,27,-3.427
350,36,2.51
351,46,-0.291
352,50,2.951
353,26,1.361
354,41,2.298
355,59,0.947
356,33,-1.672
357,1,3.699
358,38,-1.47
359,58,-2.403
360,10,0.458
361,36,-5.882
362,25,-3.404
363,9,2.031
364,1,-1.302
365,2,3.051
366,23,5.925
367,43,3.35
368,14,-0.851
369,20,-4.249
370,26,-2.389
371,23,3.947
372,12,-1.988
373,20,-5.281
374,54,4.325
375,1,0.826
376,24,-0.514
377,48,-2.252
378,3,-0.023
379,54,-3.597
380,13,-2.081
381,55,-0.261
382,17,1.897
383,2,-1.118
384,7,-2.227
385,5,3.23
386,31,-4.816
387,35,0.268
388,30,3.473
389,5,2.434
390,34,2.877
391,26,1.621
392,15,2.089
393,47,-1.787
394,45,-1.916
395,7,4.738
396,46,-0.121
397,21,-2.621
398,44,-3.893
399,40,-7.115
400,27,-2.295
401,23,0.027
402,11,2.854
403,19,0.742
404,43,4.319
405,21,2.358
406,48,2.803
407,9,-1.991
408,4,1.248
409,38,-7.418
410,40,3.35
411,39,-3.856
412,58,0.496
413,40,2.977
414,49,3.274
415,47,-2.034
416,7,-0.05
417,45,6.15
418,31,1.707
419,48,4.677
420,45,0.171
421,27,8.892
422,58,0.969
423,20,0.374
424,8,-0.897
425,15,-1.189
426,8,0.268
427,55,1.371
428,4,-4.724
429,47,9.221
430,54,-2.475
431,3,1.963
432,40,-1.358
433,38,-4.831
434,9,-0.563
435,55,-0.923
436,1,2.171
437,56,2.745
438,41,2.656
439,9,0.743
440,15,7.399
441,41,2.725
442,11,0.538
443,26,0.888
444,37,-1.96
445,41,3.465
446,48,-3.074
447,11,3.507
448,2,2.298
449,1,1.366
450,22,-4.688
451,22,1.502
452,19,5.673
453,3,5.343
454,59,3.639
455,58,-5.675
456,32,2.362
457,35,-0.943
458,31,-0.641
459,54,1.74
460,21,-0.417
461,40,-0.151
462,13,-0.169
463,51,-2.313
464,48,2.773
465,50,5.599
466,2,0.852
467,38,2.137
468,31,1.431
469,38,-5.569
470,57,2.316
471,19,-1.967
472,40,-2.245
473,46,-2.029
474,37,5.921
475,53,3.851
476,45,3.119
477,47,1.17
478,26,2.407
479,57,-0.944
480,32,-0.806
481,52,-3.36
482,4,-0.404
483,2,2.675
484,55,2.01
485,45,0.045
486,51,-4.769
487,57,2.655
488,50,1.227
489,21,-5.124
490,23,-1.684
491,12,5.142
492,4,-3.755
493,31,0.841
494,6,2.806
495,30,1.37
496,54,-0.386
497,45,1.344
498,24,3.489
499,18,-4.107
500,45,-4.899
501,26,4.984
502,17,0.567
503,2,7.073
504,21,-2.506
505,1,2.223
506,18,-3.245
507,31,-0.808
508,24,-0.847
509,29,-2.969
510,29,3.421
511,18,-0.836
512,31,0.055
513,36,7.477
514,39,1.581
515,4,-2.248
516,49,-6.795
517,15,4.395
518,34,3.283
519,30,-4.146
520,53,-0.409
521,5,-3.595
522,10,-0.692
523,11,-3.279
524,30,-5.068
525,11,-0.812
526,51,0.819
527,58,-3.981
528,19,5.161
529,15,2.765
530,47,-2.698
531,16,-4.717
532,8,1.021
533,32,-1.148
534,32,1.672
535,59,-5.66
536,3,1.783
537,10,3.177
538,30,2.079
539,48,-5.023
540,32,-3.197
541,54,0.28
542,47,2.773
543,55,2.036
544,40,-0.113
545,57,-6.966
546,13,3.066
547,12,-4.868
548,33,2.926
549,28,3.18
550,42,5.884
551,37,0.878
552,27,-3.034
553,3,-5.146
554,38,-3.811
555,33,-6.144
556,25,1.112
557,4,-1.176
558,29,-6.186
559,12,-4.049
560,58,-1.416
561,15,0.399
562,26,2.23
563,18,1.71
564,28,-2.999
565,28,-3.224
566,11,-0.611
567,5,5.478
568,8,0.109
569,45,-0.567
570,47,-1.428
571,1,-7.699
572,58,-3.719
573,33,-2.944
574,28,3.083
575,14,-2.25
576,32,-5.989
577,55,1.526
578,47,-3.238
579,1,4.19
580,5,-0.298
581,49,-0.017
582,35,0.849
583,17,1.05
584,55,2.812
585,11,-3.56
586,27,0.289
587,21,-0.833
588,5,2.864
589,54,-1.491
590,26,1.762
591,5,1.073
592,32,-3.766
593,36,-2.23
594,46,-0.637
595,1,-3.198
596,35,0.391
597,29,-2.606
598,42,1.469
599,39,0.661
600,2,0.789
601,28,1.299
602,30,0.138
603,11,1.256
604,14,-3.553
605,27,-3.848
606,20,2.43
607,38,-4.776
608,31,0.245
609,36,0.737
610,17,-1.356
611,39,-2.311
612,8,-1.144
613,8,0.283
614,10,-5.404
615,24,-0.118
616,11,2.639
617,41,-3.943
618,28,2.056
619,49,-0.076
620,51,-0.15
621,15,-2.772
622,25,-0.693
623,25,-0.758
624,22,-2.417
625,29,-1.873
626,39,2.973
627,15,-3.988
628,31,-2.005
629,7,-1.905
630,32,2.729
631,21,-8.465
632,33,0.257
633,48,1.448
634,14,-0.782
635,46,1.911
636,16,1.002
637,35,-1.444
638,31,1.038
639,3,-0.855
640,23,-0.775
641,53,3.74
642,29,-1.085
643,57,-5.124
644,54,-3.241
645,43,-5.399
646,46,-4.16
647,6,0.45
648,18,4.775
649,31,2.988
650,50,0.273
651,55,4.864
652,25,1.892
653,55,1.847
654,15,-2.217
655,21,-1.717
656,15,0.854
657,22,3.61
658,38,-2.54
659,37,-2.067
660,43,-2.252
661,50,-3.995
662,50,6.337
663,27,0.834
664,58,-6.562
665,26,-2.668
666,56,1.76
667,5,-1.598
668,9,-3.964
669,19,2.003
670,10,3.357
671,46,2.671
672,51,-1.915
673,27,3.265
674,51,-0.089
675,37,0.573
676,2,-1.094
677,37,1.348
678,35,-1.014
679,33,-2.349
680,31,1.655
681,46,-0.1
682,34,6.595
683,19,0.418
684,5,-3.33
685,25,0.98
686,40,0.585
687,46,-0.222
688,3,-0.156
689,22,-2.457
690,21,-2.368
691,28,-7.192
692,8,1.414
693,55,6.07
694,20,-6.473
695,31,3.563
696,1,-3.848
697,51,0.172
698,57,0.727
699,39,-1.634
700,49,1.705
701,32,-4.743
702,35,-0.27
703,11,0.477
704,10,4.008
705,18,-1.276
706,37,3.662
707,31,1.092
708,43,-1.73
709,20,3.88
710,30,0.898
711,4,-3.59
712,56,0.562
713,44,0.634
714,54,2.274
715,16,-0.849
716,16,-4.038
717,25,0.209
718,39,0.478
719,26,-0.981
720,20,-1.385
721,30,-1.018
722,59,0.13
723,10,0.585
724,57,-0.547
725,22,5.274
726,30,-6.96
727,9,3.427
728,45,-2.831
729,10,0.224
730,58,-0.652
731,15,-5.573
732,13,-3.256
733,42,-2.298
734,25,0.439
735,22,2.204
736,11,-1.859
737,13,-0.595
738,5,-3.105
739,51,-0.549
740,23,-2.37
741,47,-0.584
742,48,-1.53
743,33,1.029
744,4,6.176
745,55,0.334
746,5,-0.731
747,1,3.244
748,48,1.874
749,18,0.532
750,10,0.094
751,14,2.213
752,31,-1.331
753,58,1.946
754,32,-0.35
755,9,-0.129
756,30,2.716
757,6,2.345
758,32,-2.694
759,6,-3.773
760,29,2.857
761,38,2.15
762,29,-1.626
763,19,-0.487
764,48,-5.457
765,15,8.975
766,6,-3.344
767,29,-0.63
768,47,-2.62
769,41,-3.238
770,48,1.406
771,33,0.499
772,45,4.015
773,19,5.544
774,10,-1.891
775,22,2.531
776,8,0.282
777,5,0.542
778,51,-0.56
779,15,-1.223
780,58,-1.47
781,12,1.946
782,13,-0.208
783,52,0.209
784,44,-0.015
785,46,0.986
786,51,-4.773
787,25,-0.979
788,50,-3.948
789,33,-2.658
790,39,-2.916
791,47,6.679
792,41,-2.91
793,14,-4.482
794,37,-3.109
795,58,-0.964
796,4,2.47
797,23,0.156
798,4,3.906
799,50,3.01
800,38,-0.323
801,52,7.019
802,53,-1.512
803,30,8.576
804,36,-2.317
805,38,-4.476
806,5,0.832
807,25,0.606
808,47,-0.791
809,29,-0.024
810,10,6.928
811,17,-5.257
812,40,-0.517
813,46,3.57
814,48,-0.955
815,53,-0.451
816,42,0.114
817,54,4.097
818,2,-0.296
819,52,-1.281
820,27,2.478
821,47,-4.767
822,26,-3.449
823,23,3.636
824,9,-1.315
825,57,0.553
826,54,-2.007
827,34,0.324
828,17,-1.903
829,2,0.453
830,59,0.424
831,52,1.811
832,9,3.26
833,8,-0.277
834,10,-3.482
835,16,-0.635
836,59,3.426
837,7,-0.461
838,13,0.495
839,43,5.797
840,20,5.397
841,31,2.109
842,29,1.786
843,51,-1.849
844,20,0.222
845,31,3.112
846,7,5.861
847,45,-2.017
848,53,-0.663
849,5,-0.982
850,31,0.486
851,57,-1.405
852,26,-0.736
853,47,-1.567
854,40,4.314
855,10,2.542
856,29,0.639
857,55,-3.693
858,22,4.25
859,51,-6.669
860,3,-1.044
861,23,-0.346
862,26,0.213
863,3,-4.057
864,1,-3.57
865,42,-3.034
866,20,3.09
867,22,-3.597
868,38,-4.783
869,59,-3.088
870,8,-0.55
871,9,2.634
872,43,1.77
873,44,3.619
874,40,-0.697
875,2,0.302
876,4,-3.603
877,50,-2.209
878,25,4.627
879,58,-2.075
880,35,0.994
881,37,-2.036
882,22,2.718
883,23,2.01
884,44,-1.139
885,14,10.285
886,10,2.585
887,41,-3.733
888,3,3.57
889,48,-1.625
890,8,1.542
891,34,-1.894
892,40,-4.897
893,13,2.64
894,40,-3.264
895,42,1.742
896,49,-3.321
897,52,1.271
898,37,0.76
899,42,0.066
900,53,-0.125
901,42,0.212
902,37,-5.882
903,35,-4.179
904,53,0.806
905,18,-2.494
906,2,3.185
907,50,2.462
908,50,-2.451
909,32,-1.553
910,11,-1.069
911,38,0.434
912,14,2.715
913,32,-4.322
914,56,-1.774
915,41,-0.748
916,6,1.172
917,21,1.34
918,20,-0.753
919,57,0.03
920,4,-3.632
921,49,0.328
922,36,-2.807
923,29,1.01
924,28,-2.384
925,35,-0.365
926,23,4.934
927,38,-4.936
928,31,-2.613
929,10,2.446
930,25,0.374
931,51,1.302
932,55,2.591
933,44,-0.982
934,11,3.017
935,12,0.707
936,53,-3.832
937,59,-1.371
938,39,1.902
939,44,4.311
940,41,-1.674
941,51,0.399
942,25,2.427
943,49,2.971
944,13,7.217
945,27,2.327
946,14,-1.882
947,21,1.863
948,22,-0.85
949,10,4.348
950,38,0.501
951,32,2.539
952,2,-3.274
953,34,-5.177
954,9,-3.033
955,59,0.272
956,32,-1.627
957,54,-5.054
958,56,1.907
959,26,0.797
960,55,0.344
961,36,-0.688
962,23,0.972
963,52,-1.88
964,18,0.871
965,9,-0.69
966,45,-2.553
967,27,-0.575
968,59,-7.123
969,19,0.653
970,41,3.999
971,27,-0.943
972,3,-2.404
973,14,-4.351
974,40,-3.216
975,53,-4.073
976,41,-7.883
977,6,-7.035
978,28,1.851
979,43,2.902
980,45,0.948
981,53,-7.066
982,20,1.581
983,56,3.251
984,30,-8.217
985,48,1.742
986,50,1.871
987,50,-2.969
988,38,-4.046
989,48,-5.021
990,38,0.185
991,7,-1.731
992,3,-1.075
993,48,-7.22
994,54,-2.979
995,23,-2.488
996,56,-0.691
997,41,-5.159
998,49,2.532
999,50,-1.088
1000,21,0.795
1001,20,-0.744
1002,59,-3.78
1003,28,4.895
1004,43,4.838
1005,16,3.382
1006,16,-7.008
1007,45,-3.878
1008,29,4.516
1009,56,5.674
1010,30,-0.878
1011,39,1.141
1012,34,-3.017
1013,9,2.625
1014,23,-3.158
1015,11,3.344
1016,24,4.103
1017,20,-1.836
1018,9,-2.768
1019,43,6.925
1020,7,2.183
1021,40,-1.49
1022,19,1.03
1023,53,0.13
1024,20,3.16
1025,50,-0.916
1026,7,1.625
1027,49,4.58
1028,55,1.536
1029,56,0.278
1030,11,0.363
1031,57,-3.864
1032,14,-0.961
1033,3,-0.856
1034,32,2.354
1035,43,0.001
1036,31,0.079
1037,17,-3.342
1038,1,-0.436
1039,48,-4.243
1040,35,-0.435
1041,22,-0.307
1042,20,-4.917
1043,4,0.847
1044,32,3.54
1045,41,-7.408
1046,53,1.767
1047,49,-0.926
1048,57,2.428
1049,21,-1.796
1050,37,1.84
1051,55,1.76
1052,37,-2.355
1053,35,3.486
1054,48,-4.923
1055,32,-0.905
1056,15,1.078
1057,4,-2.526
1058,15,2.235
1059,47,1.611
1060,14,-0.88
1061,3,-0.514
1062,55,-2.634
1063,42,-0.345
1064,2,-0.38
1065,38,2.763
1066,16,-2.399
1067,9,0.156
1068,9,-3.314
1069,12,0.56
1070,17,-1.419
1071,24,-6.937
1072,9,-1.777
1073,25,-2.42
1074,12,0.347
1075,38,2.425
1076,50,-0.957
1077,27,3.869
1078,45,-1.104
1079,32,-4.192
1080,24,-1.814
1081,50,3.83
1082,36,3.22
1083,39,0.445
1084,24,-0.172
1085,34,-0.175
1086,15,-3.164
1087,24,0.426
1088,51,2.255
1089,20,1.784
1090,12,-0.554
1091,23,-3.889
1092,58,1.895
1093,20,1.764
1094,16,3.106
1095,19,1.391
1096,16,-2.52
1097,40,-2.061
1098,33,-0.413
1099,46,0.886
1100,20,-4.983
1101,2,-0.644
1102,25,1.787
1103,4,-3.073
1104,46,-0.874
1105,38,6.184
1106,21,2.816
1107,31,-3.673
1108,10,2.781
1109,27,3.482
1110,31,2.218
1111,22,-2.578
1112,6,-1.922
1113,33,-3.847
1114,10,1.892
1115,57,2.508
1116,24,0.823
1117,13,1.445
1118,57,2.382
1119,52,6.075
1120,48,0.15
1121,17,1.811
1122,44,5.172
1123,20,-0.363
1124,51,-2.555
1125,45,4.07
1126,39,4.335
1127,19,2.996
1128,34,-0.357
1129,33,-1.828
1130,46,-0.097
1131,27,2.614
1132,15,-0.465
1133,13,-2.825
1134,56,-1.401
1135,47,0.036
1136,50,-0.76
1137,58,-0.397
1138,30,0.058
1139,38,-0.009
1140,48,-1.568
1141,52,3.289
1142,33,3.53
1143,7,1.874
1144,11,2.569
1145,2,-1.329
1146,23,-2.987
1147,9,2.349
1148,15,1.887
1149,33,-5.689
1150,5,3.551
1151,36,0.381
1152,15,0.626
1153,15,-4.22
1154,23,0.255
1155,46,-8.901
1156,34,0.285
1157,9,-2.383
1158,41,-2.183
1159,45,-3.865
1160,42,0.624
1161,4,4.261
1162,21,-0.304
1163,13,0.342
1164,56,-3.44
1165,46,2.035
1166,47,-0.248
1167,52,2.942
1168,58,-1.907
1169,47,-2.652
1170,38,0.586
1171,49,0.004
1172,18,2.651
1173,50,0.968
1174,56,4.382
1175,29,-1.779
1176,25,0.5
1177,9,6.632
1178,57,1.095
1179,23,-0.322
1180,31,5.487
1181,51,-1.681
1182,16,-1.904
1183,14,3.645
1184,18,3.712
1185,17,-4.388
1186,14,-3.165
1187,45,1.776
1188,50,1.294
1189,42,-0.988
1190,16,2.668
1191,16,5.539
1192,19,-7.669
1193,32,2.61
1194,51,0.887
1195,43,-3.987
1196,32,-2.801
1197,22,5.437
1198,59,-2.563
1199,12,-0.358
1200,11,-1.72
1201,38,-1.15
1202,2,5.301
1203,28,-0.918
1204,53,3.512
1205,45,2.967
1206,4,-4.932
1207,26,-2.221
1208,39,2.189
1209,51,1.45
1210,6,1.331
1211,11,0.785
1212,2,-1.061
1213,50,-1.9
1214,12,0.114
1215,15,0.344
1216,16,-2.539
1217,19,-3.832
1218,1,5.791
1219,58,-2.585
1220,3,-4.068
1221,3,-1.512
1222,37,-4.719
1223,50,-3.967
1224,44,-3.179
1225,35,-5.324
1226,28,-0.144
1227,32,-0.569
1228,16,-2.235
1229,31,-1.898
1230,17,1.885
1231,52,-1.009
1232,27,-2.822
1233,50,-0.02
1234,50,1.791
1235,57,2.559
1236,44,1.244
1237,12,4.791
1238,14,2.319
1239,20,-7.879
1240,44,-2.162
1241,30,0.133
1242,44,0.115
1243,1,-1.04
1244,50,0.413
1245,48,0.138
1246,33,5.655
1247,55,3.912
1248,56,-0.503
1249,46,2.524
1250,28,-2.376
1251,21,0.458
1252,15,-4.333
1253,34,1.477
1254,37,-3.15
1255,49,-1.916
1256,10,0.891
1257,58,-1.327
1258,39,1.388
1259,27,-2.967
1260,23,-0.577
1261,13,-5.381
1262,5,-0.045
1263,28,-9.246
1264,9,-4.897
1265,10,0.917
1266,45,0.714
1267,30,-3.949
1268,51,-0.072
1269,37,-4.768
1270,28,-1.067
1271,33,0.083
1272,51,1.299
1273,29,-1.343
1274,17,6.604
1275,25,-0.499
1276,25,2.254
1277,32,1.778
1278,11,3.518
1279,33,-1.64
1280,47,0.027
1281,26,-3.041
1282,22,-0.024
1283,32,-0.292
1284,19,-4.764
1285,45,-1.245
1286,46,0.534
1287,35,-1.515
1288,37,1.583
1289,5,-2.248
1290,25,-3.825
1291,49,2.247
1292,3,-3.731
1293,50,-3.184
1294,16,-5.683
1295,10,-0.137
1296,1,-4.337
1297,55,-4.043
1298,31,-3.22
1299,47,-0.612
1300,56,0.884
1301,10,4.413
1302,22,1.177
1303,39,1.217
1304,24,1.266
1305,23,-4.622
1306,47,-6.084
1307,48,-1.82
1308,41,-0.992
1309,1,-0.203
1310,37,-4.667
1311,54,-6.937
1312,33,-5.256
1313,19,3.269
1314,58,-2.524
1315,17,-1.022
1316,9,-5.422
1317,24,-1.103
1318,37,-6.164
1319,31,3.488
1320,30,-0.505
1321,4,0.272
1322,39,0.795
1323,59,2.534
1324,48,0.843
1325,54,2.871
1326,30,3.148
1327,51,0.099
1328,12,-3.394
1329,19,-0.259
1330,41,-2.577
1331,31,-2.248
1332,9,-1.725
1333,17,-6.091
1334,55,-1.602
1335,47,-1.978
1336,57,-4.953
1337,45,1.627
1338,55,-6.337
1339,45,-2.056
1340,5,-1.622
1341,46,1.018
1342,13,3.241
1343,44,-0.623
1344,27,0.314
1345,22,-0.973
1346,58,1.871
1347,25,-2.601
1348,33,3.808
1349,20,3.386
1350,27,2.161
1351,38,1.937
1352,28,-1.858
1353,4,-1.743
1354,23,2.403
1355,42,-3.776
1356,14,-0.708
1357,22,-1.041
1358,43,-2.919
1359,13,0.658
1360,40,-3.547
1361,47,1.586
1362,23,-1.324
1363,15,0.11
1364,53,2.269
1365,26,5.668
1366,35,-1.983
1367,57,-0.388
1368,18,-4.138
1369,9,0.153
1370,11,-2.214
1371,38,1.656
1372,3,0.848
1373,10,-0.275
1374,23,-2.5
1375,2,-3.631
1376,39,-2.532
1377,40,-3.713
1378,56,-0.624
1379,8,-0.184
1380,41,-1.361
1381,23,-0.843
1382,47,0.316
1383,41,-2.652
1384,25,-4.113
1385,33,-1.067
1386,23,-5.544
1387,14,1.575
1388,23,-0.123
1389,55,6.65
1390,12,-3.643
1391,30,1.597
1392,31,4.306
1393,41,4.801
1394,40,-0.238
1395,44,-5.103
1396,22,1.126
1397,56,-4.183
1398,38,1.649
1399,12,3.886
1400,45,-0.515
1401,55,0.624
1402,6,2.003
1403,49,-0.679
1404,13,-1.944
1405,6,0.584
1406,5,3.621
1407,25,2.398
1408,28,0.2
1409,21,5.782
1410,52,3.41
1411,35,-2.377
1412,37,1.098
1413,14,2.214
1414,57,-3.672
1415,7,0.285
1416,34,-3.89
1417,12,-2.582
1418,20,0.823
1419,28,2.043
1420,55,-1.053
1421,51,2.716
1422,11,1.058
1423,13,2.046
1424,12,-10.437
1425,30,-0.79
1426,41,-1.96
1427,34,-0.874
1428,26,1.34
1429,33,-6.647
1430,26,-3.288
1431,25,-3.706
1432,32,-3.752
1433,30,0.683
1434,31,0.177
1435,55,-3.239
1436,35,-6.478
1437,7,1.016
1438,31,-4.128
1439,44,3.291
1440,36,-1.314
1441,55,-0.406
1442,8,-2.13
1443,28,2.377
1444,48,3.669
1445,30,-2.751
1446,41,-2.348
1447,31,-0.189
1448,27,6.542
1449,52,0.923
1450,46,-1.08
1451,8,-3.091
1452,17,-1.056
1453,6,5.318
1454,14,-0.064
1455,50,4.199
1456,22,1.574
1457,16,-2.508
1458,18,-0.333
1459,1,0.987
1460,6,-1.723
1461,57,1.375
1462,7,-3.904
1463,18,0.766
1464,26,0.014
1465,18,3.155
1466,31,-6.426
1467,50,-1.171
1468,54,2.5
1469,2,-3.268
1470,31,0.457
1471,42,-0.345
1472,27,-1.181
1473,20,2.587
1474,23,-2.627
1475,32,2.544
1476,45,-1.652
1477,18,2.96
1478,14,-5.112
1479,49,-5.63
1480,43,4.764
1481,52,0.385
1482,58,2.004
1483,23,3.409
1484,59,1.422
1485,1,0.82
1486,46,5.156
1487,50,-0.032
1488,27,-1.008
1489,1,3.427
1490,24,-4.42
1491,17,2.026
1492,17,-5.245
1493,25,-1.565
1494,26,-2.444
1495,17,0.036
1496,44,2.686
1497,3,7.173
1498,6,0.595
1499,54,4.338
1500,15,-4.119
1501,11,0.728
1502,55,2.314
1503,21,-1.508
1504,21,0.42
1505,21,-1.561
1506,27,-5.732
1507,55,4.072
1508,45,0.004
1509,19,-0.832
1510,24,1.378
1511,28,-1.77
1512,5,2.305
1513,50,0.528
1514,38,1.626
1515,18,-1.558
1516,52,-3.215
1517,41,-1.404
1518,58,-2.961
1519,24,1.537
1520,41,-0.34
1521,2,-2.012
1522,16,-2.653
1523,9,0.169
1524,22,7.129
1525,2,0.91
1526,50,-4.307
1527,4,-2.188
1528,6,1.381
1529,8,-1.659
1530,21,1.601
1531,42,3.78
1532,25,-5.409
1533,58,-0.051
1534,17,0.521
1535,55,1.875
1536,22,-0.131
1537,18,-1.952
1538,36,-2.854
1539,56,-0.722
1540,8,0.879
1541,35,1.788
1542,45,3.263
1543,15,-2.383
1544,10,0.36
1545,34,-1.084
1546,42,-2.847
1547,23,1.692
1548,33,1.004
1549,30,-1.1
1550,40,2.581
1551,14,1.977
1552,26,1.522
1553,26,-3.427
1554,34,-2.697
1555,25,8.893
1556,22,-0.334
1557,6,7.756
1558,57,1.708
1559,52,1.535
1560,36,0.644
1561,10,3.834
1562,29,-3.917
1563,45,-3.004
1564,26,5.789
1565,19,1.944
1566,30,-1.327
1567,30,5.309
1568,15,1.767
1569,50,2.911
1570,4,-3.719
1571,8,-0.207
1572,25,-2.483
1573,32,0.417
1574,56,3.652
1575,54,-1.084
1576,57,5.477
1577,56,-1.853
1578,40,2.117
1579,35,2.227
1580,5,2.93
1581,48,-1.267
1582,19,-1.141
1583,49,0.705
1584,56,1.821
1585,55,-4.463
1586,33,3.415
1587,21,-1.169
1588,54,-3.658
1589,5,-0.692
1590,11,0.679
1591,36,5.643
1592,48,-2.107
1593,48,-0.421
1594,37,-9.031
1595,29,0.228
1596,33,-0.918
1597,9,-2.364
1598,29,-0.701
1599,12,-0.109
1600,56,1.131
1601,21,-5.272
1602,33,-0.237
1603,36,0.295
1604,35,1.241
1605,52,-0.28
1606,31,3.381
1607,9,-1.194
1608,33,2.851
1609,12,2.452
1610,20,1.573
1611,11,3.773
1612,24,-0.181
1613,41,1.162
1614,34,7.453
1615,16,-7.334
1616,50,-0.367
1617,26,-2.025
1618,35,-1.178
1619,10,-5.874
1620,10,-0.968
1621,25,-5.258
1622,40,-1.14
1623,51,1.916
1624,50,4.564
1625,43,1.593
1626,37,3.189
1627,37,-3.213
1628,25,2.284
1629,27,-2.739
1630,2,-5.34
1631,10,5.863
1632,30,-1.57
1633,16,2.654
1634,20,-3.926
1635,44,-4.271
1636,30,-3.743
1637,59,-0.675
1638,9,1.146
1639,48,-2.249
1640,45,5.709
1641,52,2.932
1642,40,-0.871
1643,35,-3.57
1644,16,1.637
1645,46,-4.045
1646,2,0.389
1647,20,-0.127
1648,10,-6.919
1649,23,3.629
1650,36,-1.144
1651,56,-1.583
1652,46,-2.2
1653,58,-0.243
1654,1,-3.044
1655,26,0.416
1656,13,2.118
1657,10,1.648
1658,32,0.801
1659,11,-8.602
1660,45,-0.774
1661,4,5.57
1662,40,0.342
1663,14,2.115
1664,41,0.428
1665,35,-1.784
1666,3,-0.221
1667,47,-4.594
1668,1,3.493
1669,57,1.081
1670,24,4.186
1671,18,3.607
1672,57,-3.97
1673,41,-1.59
1674,35,-0.17
1675,7,3.347
1676,19,0.993
1677,53,0.864
1678,38,2.78
1679,57,-2.73
1680,30,6.142
1681,7,0.047
1682,24,-0.505
1683,12,-6.835
1684,41,-0.359
1685,7,0.162
1686,46,-1.416
1687,41,2.784
1688,29,-0.639
1689,19,0.002
1690,4,1.31
1691,22,-6.345
1692,57,0.122
1693,3,-0.771
1694,51,4.58
1695,29,-2.197
1696,55,4.088
1697,12,3.303
1698,34,-2.197
1699,34,5.694
1700,44,-1.685
1701,48,-1.861
1702,22,4.209
1703,13,-2.014
1704,48,0.476
1705,3,-1.472
1706,38,0.141
1707,30,7.807
1708,34,0.869
1709,14,-2.406
1710,23,0.632
1711,24,-6.276
1712,2,-4.252
1713,26,-2.461
1714,43,-3.372
1715,11,3.184
1716,22,2.406
1717,44,-0.055
1718,35,0.576
1719,21,-2.65
1720,25,-1.73
1721,4,-5.014
1722,58,2.626
1723,24,0.215
1724,48,-0.883
1725,47,-6.035
1726,2,9.116
1727,33,0.65
1728,4,-1.792
1729,32,-1.172
1730,46,1.628
1731,5,-1.369
1732,40,-3.737
1733,25,1.062
1734,56,0.566
1735,42,1.469
1736,11,-3.702
1737,7,-3.426
1738,24,4.858
1739,37,-1.149
1740,38,-0.964
1741,17,3.056
1742,27,0.412
1743,42,2.696
1744,24,-2.981
1745,36,-2.392
1746,1,-1.232
1747,6,2.359
1748,2,-2.087
1749,53,-3.018
1750,33,-0.28
1751,44,2.342
1752,16,2.579
1753,3,1.25
1754,17,6.293
1755,52,-0.463
1756,3,-0.938
1757,54,-1.048
1758,8,2.694
1759,5,-0.205
1760,31,-3.944
1761,46,-2.539
1762,29,4.141
1763,47,-1.773
1764,6,0.375
1765,49,1.419
1766,37,3.92
1767,15,-1.282
1768,19,-1.796
1769,13,-0.134
1770,43,3.266
1771,38,-1.588
1772,23,-2.716
1773,42,-1.834
1774,13,-0.774
1775,55,0.726
1776,55,-4.869
1777,8,-1.444
1778,5,-0.061
1779,33,-0.341
1780,25,-2.299
1781,4,0.443
1782,29,1.047
1783,3,2.704
1784,17,0.954
1785,30,4.123
1786,47,-1.113
1787,30,1.14
1788,9,6.099
1789,24,-3.661
1790,46,3.876
1791,24,2.42
1792,54,1.579
1793,54,-1.676
1794,39,1.445
1795,29,-1.82
1796,5,3.86
1797,43,-2.235
1798,38,-2.958
1799,12,0.423
1800,48,7.491
1801,17,2.042
1802,43,-3.448
1803,53,-4.317
1804,7,0.179
1805,23,-1.655
1806,58,-0.008
1807,4,-2.934
1808,2,-2.446
1809,5,3.969
1810,2,5.035
1811,36,-2.175
1812,13,-1.459
1813,25,-2.552
1814,56,-0.728
1815,58,-1.358
1816,23,2.849
1817,47,1.968
1818,43,0.395
1819,50,4.355
1820,37,0.972
1821,58,1.158
1822,1,1.959
1823,39,-2.056
1824,14,4.327
1825,54,3.11
1826,30,-0.112
1827,47,-2.117
1828,33,3.624
1829,20,-0.371
1830,17,1.096
1831,31,-0.578
1832,42,2.128
1833,51,0.375
1834,49,-1.82
1835,18,3.59
1836,38,-3.699
1837,26,1.584
1838,42,1.405
1839,6,2.499
1840,42,3.381
1841,21,3.567
1842,39,-2.161
1843,35,3.165
1844,12,3.61
1845,26,2.551
1846,27,-0.846
1847,54,0.146
1848,33,-2.437
1849,8,3.402
1850,46,-3.595
1851,18,1.884
1852,28,-1.267
1853,19,0.339
1854,14,1.148
1855,49,-2.474
1856,39,-8.339
1857,18,-2.443
1858,20,0.739
1859,3,2.399
1860,25,4.875
1861,20,1.412
1862,48,-3.069
1863,20,-0.713
1864,51,0.796
1865,19,-3.2
1866,41,1.111
1867,57,-1.724
1868,2,2.087
1869,13,-2.087
1870,9,0.419
1871,25,2.492
1872,30,3.668
1873,56,0.413
1874,47,0.21
1875,53,4.146
1876,45,-0.239
1877,4,0.679
1878,40,-2.615
1879,10,-1.287
1880,14,1.134
1881,34,8.403
1882,12,-2.078
1883,48,-1.212
1884,53,-4.18
1885,53,3.344
1886,38,-1.055
1887,24,-2.735
1888,1,4.971
1889,5,-3.066
1890,26,-4.211
1891,8,-2.204
1892,48,0.54
1893,53,2.467
1894,37,-2.973
1895,41,-0.034
1896,54,3.058
1897,24,-2.986
1898,49,0.063
1899,44,2.191
1900,3,-1.866
1901,9,0.708
1902,41,-1.713
1903,33,-0.554
1904,33,-6.874
1905,41,1.952
1906,34,5.549
1907,21,-1.089
1908,2,1.279
1909,6,-0.541
1910,32,7.036
1911,50,-3.93
1912,26,1.572
1913,18,-0.305
1914,17,-2.293
1915,58,4.578
1916,36,0.328
1917,36,3.305
1918,15,-5.577
1919,11,6.376
1920,41,0.493
1921,38,0.001
1922,17,-4.817
1923,53,-6.409
1924,58,-2.015
1925,42,-0.163
1926,39,-4.678
1927,56,-1.868
1928,51,4.448
1929,47,1.826
1930,28,-3.704
1931,44,4.632
1932,21,5.496
1933,32,-3.519
1934,36,5.132
1935,30,0.977
1936,39,3.995
1937,32,-1.662
1938,48,3.723
1939,22,-2.679
1940,17,4.522
1941,25,3.363
1942,53,-5.533
1943,22,4.39
1944,28,2.118
1945,18,0.705
1946,35,-4.694
1947,22,-0.508
1948,22,-0.447
1949,6,6.374
1950,17,-1.048
1951,50,-4.201
1952,45,-0.613
1953,30,-2.084
1954,44,4.865
1955,11,1.881
1956,8,-0.587
1957,24,1.789
1958,47,-1.233
1959,10,-1.288
1960,17,-3.897
1961,24,1.125
1962,32,-2.188
1963,6,-1.461
1964,48,3.443
1965,41,-0.295
1966,10,3.543
1967,22,1.304
1968,19,2.722
1969,10,-6.903
1970,36,0.405
1971,8,0.545
1972,29,7.492
1973,32,-6.276
1974,48,-1.201
1975,21,-0.462
1976,20,0.27
1977,15,-0.834
1978,59,-4.988
1979,51,-2.551
1980,41,5.673
1981,54,-0.799
1982,46,3.319
1983,49,4.965
1984,25,-1.826
1985,55,2.992
1986,13,-1.313
1987,49,-1.34
1988,22,0.858
1989,57,4.712
1990,33,-0.167
1991,17,-1.486
1992,40,3.051
1993,2,-5.843
1994,29,2.337
1995,24,2.424
1996,16,0.623
1997,26,6.15
1998,41,1.396
1999,58,4.971
2000,58,-0.522
2001,50,2.074
2002,29,-0.763
2003,30,1.888
2004,15,3.613
2005,48,6.629
2006,46,-4.825
2007,40,-3.242
2008,17,-0.362
2009,49,1.418
2010,30,0.603
2011,9,-2.29
2012,26,-3.28
2013,14,3.954
2014,28,-0.305
2015,58,3.08
2016,16,-4.322
2017,15,-6.145
2018,22,-0.151
2019,46,3.98
2020,56,-1.201
2021,15,2.203
2022,24,-1.064
2023,17,-0.489
2024,39,1.198
2025,44,-0.319
2026,54,2.899
2027,35,-1.242
2028,29,-4.809
2029,47,3.028
2030,49,-4.518
2031,56,-2.543
2032,8,1.379
2033,39,-2.139
2034,54,6.075
2035,31,-4.535
2036,22,0.892
2037,49,-3.429
2038,3,2.151
2039,31,-2.769
2040,57,-0.885
2041,19,6.461
2042,37,-2.379
2043,45,-3.583
2044,2,2.559
2045,58,-3.963
2046,52,0.114
2047,3,2.846
2048,11,-9.557
2049,12,-2.209
2050,14,-0.31
2051,24,-4.848
2052,38,-0.846
2053,53,-0.965
2054,29,-1.343
2055,42,3.32
2056,19,1.814
2057,6,-3.318
2058,9,-0.881
2059,23,1.21
2060,41,-5.745
2061,20,-4.176
2062,39,-3.276
2063,26,8.874
2064,39,2.785
2065,56,4.043
2066,16,4.818
2067,5,-3.681
2068,52,4.133
2069,43,2.661
2070,14,-3.124
2071,38,-5.18
2072,46,-6.75
2073,46,-3.261
2074,57,-1.786
2075,5,-0.605
2076,36,-2.716
2077,22,2.794
2078,14,4.493
2079,28,-1.643
2080,25,4.133
2081,19,1.117
2082,12,-0.489
2083,52,3.236
2084,21,-0.85
2085,32,4.429
2086,4,0.23
2087,58,-4.751
2088,11,1.994
2089,6,-0.01
2090,56,-0.592
2091,44,3.764
2092,39,0.178
2093,36,0.878
2094,9,9.782
2095,47,-1.218
2096,44,-5.664
2097,40,-0.418
2098,6,5.689
2099,59,2.953
2100,18,0.64
2101,59,5.075
2102,49,-4.718
2103,38,-1.552
2104,1,2.717
2105,10,-6.055
2106,30,0.599
2107,55,-2.079
2108,7,-4.234
2109,7,4.068
2110,27,-2.462
2111,32,-1.202
2112,46,-2.287
2113,51,-1.726
2114,14,-2.456
2115,23,2.018
2116,57,-2.243
2117,26,-0.175
2118,45,-0.515
2119,5,4.49
2120,28,-2.936
2121,14,2.338
2122,7,-4.996
2123,48,0.874
2124,25,-5.658
2125,53,1.154
2126,33,2.158
2127,31,4.404
2128,48,2.408
2129,16,-1.212
2130,22,-3.624
2131,35,1.198
2132,6,-1.746
2133,20,-2.345
2134,11,3.441
2135,15,-1.849
2136,54,-2.441
2137,50,-5.064
2138,31,-2.455
2139,31,1.261
2140,36,1.966
2141,27,-0.119
2142,19,-3.352
2143,31,-0.281
2144,14,2.671
2145,13,-0.484
2146,39,-1.047
2147,25,0.128
2148,54,0.842
2149,23,2.337
2150,40,2.845
2151,18,-2.262
2152,14,0.092
2153,49,1.647
2154,56,-1.179
2155,10,-1.586
2156,7,1.276
2157,42,-3.083
2158,49,3.681
2159,31,1.774
2160,59,-1.794
2161,11,0.211
2162,12,-1.086
2163,31,1.377
2164,21,1.643
2165,39,-0.895
2166,22,4.26
2167,23,-9.397
2168,39,-5.029
2169,49,1.237
2170,21,1.614
2171,29,0.651
2172,29,-0.102
2173,17,2.874
2174,44,0.011
2175,50,-0.474
2176,59,-4.433
2177,29,3.034
2178,32,-0.726
2179,49,0.43
2180,33,3.235
2181,33,-0.841
2182,55,-1.686
2183,26,-2.083
2184,7,-0.042
2185,38,6.422
2186,43,-1.409
2187,23,5.182
2188,22,0.137
2189,14,1.007
2190,56,3.191
2191,10,-2.134
2192,34,4.811
2193,54,-2.323
2194,58,-0.865
2195,5,2.335
2196,33,1.188
2197,44,-0.819
2198,25,-0.173
2199,11,2.143
2200,15,-0.135
2201,31,-2.5
2202,43,-0.146
2203,40,-1.175
2204,36,3.034
2205,41,0.404
2206,40,0.493
2207,41,-5.97
2208,43,-0.559
2209,50,1.496
2210,36,-1.397
2211,2,-1.826
2212,5,-2.132
2213,15,0.086
2214,32,-3.386
2215,34,10.343
2216,55,-2.438
2217,14,2.273
2218,35,-1.218
2219,33,3.293
2220,26,2.579
2221,22,3.336
2222,59,3.737
2223,16,-0.733
2224,13,2.988
2225,24,2.588
2226,54,2.233
2227,13,3.491
2228,22,-5.687
2229,42,-0.254
2230,27,-1.303
2231,27,-6.026
2232,39,0.318
2233,6,2.088
2234,32,1.698
2235,38,-2.477
2236,42,-0.189
2237,59,1.879
2238,37,-4.945
2239,56,1.786
2240,34,-2.827
2241,34,2.439
2242,17,3.488
2243,19,2.881
2244,13,0.632
2245,52,0.85
2246,40,-0.176
2247,40,-3.678
2248,42,-5.795
2249,41,0.605
2250,6,0.41
2251,38,-2.566
2252,43,0.314
2253,37,-2.915
2254,24,5.54
2255,50,4.462
2256,16,3.392
2257,18,-0.16
2258,9,2.77
2259,29,-1.557
2260,31,0.893
2261,24,0.514
2262,51,-1.588
2263,57,-0.407
2264,42,0.301
2265,21,-1.707
2266,55,-4.421
2267,16,3.491
2268,35,-2.046
2269,29,-6.899
2270,13,-1.477
2271,46,0.092
2272,15,-0.122
2273,33,1.374
2274,23,5.07
2275,58,2.159
2276,29,-7.228
2277,14,3.871
2278,8,1.132
2279,23,-3.506
2280,50,-0.435
2281,42,-7.853
2282,44,0.484
2283,29,3.01
2284,42,1.342
2285,45,-0.868
2286,36,-1.835
2287,56,-4.153
2288,59,6.427
2289,18,-3.196
2290,13,4.304
2291,54,3.712
2292,43,1.283
2293,41,-7.677
2294,18,-3.058
2295,19,0.16
2296,22,-0.461
2297,46,-0.764
2298,52,0.13
2299,37,-2.944
2300,50,1.59
2301,28,2.85
2302,31,0.207
2303,37,0.973
2304,39,3.202
2305,37,2.046
2306,8,-1.061
2307,19,-3.333
2308,13,0.412
2309,47,-7.101
2310,53,4.711
2311,18,2.219
2312,46,1.951
2313,59,-0.154
2314,25,2.324
2315,18,-1.01
2316,41,3.151
2317,13,2.284
2318,2,1.167
2319,43,3.805
2320,19,2.857
2321,33,-2.539
2322,42,-1.918
2323,8,1.507
2324,52,0.337
2325,8,-7.539
2326,15,-1.244
2327,54,2.368
2328,5,-5.858
2329,17,-2.663
2330,58,-0.602
2331,4,4.127
2332,8,0.3
2333,28,1.644
2334,44,-4.183
2335,31,-2.235
2336,29,1.286
2337,6,0.224
2338,18,3.572
2339,39,-2.701
2340,35,2.998
2341,29,-2.279
2342,28,0.594
2343,45,-0.884
2344,16,-0.861
2345,1,-0.37
2346,25,2.416
2347,39,0.801
2348,12,6.528
2349,58,-1.356
2350,38,2.791
2351,35,3.396
2352,47,-4.04
2353,16,2.03
2354,15,-0.57
2355,18,-0.379
2356,30,4.153
2357,23,-3.182
2358,50,0.165
2359,32,1.151
2360,24,-4.252
2361,44,-0.006
2362,2,-1.089
2363,29,2.695
2364,15,1.058
2365,24,-2.288
2366,16,0.623
2367,45,3.194
2368,13,1.77
2369,31,4.512
2370,35,2.032
2371,5,-0.616
2372,59,1.59
2373,57,4.917
2374,52,-2.889
2375,58,-3.4
2376,41,2.557
2377,52,2.525
2378,29,-2.387
2379,11,-2.186
2380,28,1.754
2381,2,0.522
2382,17,0.614
2383,45,-4.261
2384,3,-0.455
2385,46,4.248
2386,34,1.9
2387,14,-0.124
2388,26,-2.523
2389,19,6.155
2390,31,1.333
2391,14,-5.11
2392,15,-3.658
2393,35,-0.341
2394,28,1.571
2395,19,-2.556
2396,27,0.987
2397,11,-0.107
2398,49,-1.545
2399,13,1.803
2400,26,1.758
2401,17,-3.674
2402,38,-1.141
2403,46,-1.538
2404,31,-2.925
2405,34,8.538
2406,55,0.527
2407,50,-3.208
2408,31,-0.382
2409,26,3.501
2410,1,-4.761
2411,9,-1.955
2412,35,-1.697
2413,6,0.158
2414,9,-2.175
2415,25,1.062
2416,11,1.349
2417,46,0.363
2418,2,1.94
2419,2,-6.667
2420,11,4.397
2421,25,2.279
2422,29,1.757
2423,51,-1.05
2424,4,2.382
2425,16,-1.625
2426,14,0.919
2427,10,2.176
2428,35,-2.881
2429,53,4.193
2430,4,-3.223
2431,11,4.421
2432,31,0.373
2433,56,-2.584
2434,3,-5.707
2435,34,-4.29
2436,3,-0.028
2437,16,4.926
2438,8,1.74
2439,21,-6.47
2440,16,-1.351
2441,15,1.663
2442,50,-4.385
2443,32,1.819
2444,4,3.22
2445,53,0.301
2446,15,-0.13
2447,17,6.822
2448,39,-2.75
2449,49,4.292
2450,22,-0.688
2451,23,1.976
2452,23,0.284
2453,33,-5.284
2454,28,-2.323
2455,43,0.072
2456,37,-0.904
2457,47,2.381
2458,40,-0.689
2459,22,0.093
2460,5,-0.072
2461,10,-8.865
2462,33,-1.565
2463,19,1.111
2464,22,-3.443
2465,49,-3.676
2466,41,-1.678
2467,5,-2.019
2468,30,-1.235
2469,38,3.286
2470,56,2.839
2471,47,-2.974
2472,51,0.652
2473,20,2.757
2474,36,2.57
2475,43,-4.314
2476,55,-1.734
2477,45,2.87
2478,26,3.802
2479,37,1.187
2480,16,-6.898
2481,17,2.86
2482,50,-2.148
2483,36,-4.751
2484,45,-0.721
2485,38,-5.156
2486,28,-2.909
2487,22,-1.399
2488,44,-4.413
2489,42,2.129
2490,6,1.191
2491,4,0.769
2492,49,1.921
2493,23,-3.949
2494,54,1.213
2495,21,3.621
2496,39,-1.655
2497,18,5.071
2498,57,-2.332
2499,47,-1.912
2500,37,-0.079
2501,31,-1.854
2502,39,0.592
2503,12,4.261
2504,19,-1.921
2505,21,-1.627
2506,32,-0.733
2507,43,-0.119
2508,38,0.929
2509,16,3.379
2510,4,1.419
2511,21,-0.901
2512,33,-0.894
2513,46,0.298
2514,34,4.532
2515,38,-2.65
2516,24,-2.017
2517,13,1.216
2518,20,-1.656
2519,26,-1.296
2520,30,1.059
2521,10,-0.21
2522,28,0.544
2523,4,-1.105
2524,29,1.73
2525,8,-1.694
2526,10,1.089
2527,2,-0.079
2528,33,2.9
2529,3,-3.166
2530,28,-0.96
2531,28,1.408
2532,8,0.939
2533,22,-2.784
2534,48,5.121
2535,20,-2.646
2536,9,-0.662
2537,32,6.104
2538,9,4.934
2539,46,0.484
2540,36,1.329
2541,45,-3.628
2542,46,0.999
2543,18,-3.073
2544,52,0.111
2545,32,0.218
2546,12,2.148
2547,50,-3.208
2548,55,-3.194
2549,23,-2.275
2550,30,1.496
2551,29,-0.535
2552,48,-1.282
2553,36,2.547
2554,29,-4.416
2555,20,-4.597
2556,19,0.896
2557,19,-2.421
2558,52,0.486
2559,9,0.531
2560,17,-4.471
2561,1,-1.322
2562,21,-1.667
2563,23,2.338
2564,23,-1.437
2565,54,-0.994
2566,31,-1.306
2567,17,-2.933
2568,7,0.449
2569,41,2.675
2570,51,6.72
2571,21,0.325
2572,55,1.879
2573,3,-1.828
2574,15,-0.315
2575,21,-5.667
2576,21,2.297
2577,36,-3.785
2578,28,1.274
2579,37,-0.862
2580,51,0.569
2581,59,-5.544
2582,2,2.43
2583,11,0.907
2584,48,-1.26
2585,55,1.577
2586,15,0.053
2587,27,-1.024
2588,44,-0.772
2589,15,1.523
2590,59,-2.981
2591,54,-0.182
2592,21,-1.288
2593,8,4.521
2594,14,-1.025
2595,13,-1.364
2596,39,0.572
2597,25,2.804
2598,5,-1.143
2599,55,2.932
2600,25,-3.76
2601,28,0.124
2602,54,1.978
2603,37,2.967
2604,39,2.173
2605,19,1.387
2606,24,-0.4
2607,53,4.801
2608,22,2.765
2609,50,1.83
2610,57,0.54
2611,12,-2.632
2612,9,3.221
2613,56,-2.296
2614,51,-0.254
2615,49,0.762
2616,43,-3.132
2617,6,2.018
2618,24,-2.065
2619,42,1.646
2620,54,0.257
2621,47,4.577
2622,17,-0.756
2623,3,0.826
2624,16,-0.211
2625,5,-3.918
2626,18,-0.364
2627,45,-0.147
2628,45,-1.916
2629,50,0.121
2630,2,3.726
2631,38,-2.587
2632,23,0.566
2633,23,0.248
2634,36,3.876
2635,4,-4.186
2636,19,-0.968
2637,2,2.035
2638,11,-5.512
2639,51,-1.975
2640,7,-1.41
2641,30,-4.586
2642,19,1.376
2643,2,-1.499
2644,14,-1.607
2645,31,0.006
2646,47,-4.167
2647,8,3.544
2648,5,3.555
2649,39,-0.451
2650,36,2.629
2651,25,-0.804
2652,14,-0.408
2653,5,-5.43
2654,59,0.424
2655,3,1.817
2656,22,3.44
2657,30,-0.975
2658,42,-2.791
2659,29,1.337
2660,23,0.649
2661,41,-3.878
2662,21,0.347
2663,2,0.145
2664,59,0.998
2665,2,3.61
2666,12,-2.268
2667,6,-1.485
2668,6,-3.756
2669,4,-2.199
2670,29,4.941
2671,22,2.959
2672,15,-6.826
2673,35,0.92
2674,11,5.233
2675,28,-5.423
2676,45,7.805
2677,53,3.003
2678,18,-2.809
2679,10,-2.579
2680,18,3.63
2681,57,-0.318
2682,57,6.64
2683,44,0.888
2684,26,0.275
2685,38,1.621
2686,5,-1.009
2687,13,-0.715
2688,12,5.096
2689,20,-1.28
2690,21,3.986
2691,56,-2.643
2692,20,2.835
2693,42,-1.096
2694,47,3.569
2695,1,-2.562
2696,54,-0.415
2697,49,1.247
2698,10,2.059
2699,27,1.213
2700,49,1.108
2701,21,-3.997
2702,49,3.647
2703,53,3.702
2704,53,0.11
2705,45,-2.3
2706,26,1.175
2707,33,1.715
2708,6,3.252
2709,25,-3.136
2710,21,-1.56
2711,41,-2.326
2712,9,0.385
2713,21,0.748
2714,45,0.314
2715,35,1.328
2716,28,-0.286
2717,14,2.779
2718,9,0.773
2719,49,3.711
2720,10,0.793
2721,23,0.646
2722,45,0.807
2723,59,2.182
2724,59,3.08
2725,5,-0.277
2726,8,1.633
2727,38,-5.131
2728,38,-4.221
2729,56,-0.774
2730,31,-5.583
2731,6,-1.107
2732,15,-1.255
2733,58,5.023
2734,16,-5.243
2735,8,0.157
2736,6,1.17
2737,46,10.714
2738,27,-4.37
2739,19,-3.563
2740,23,0.836
2741,5,2.506
2742,14,-1.779
2743,22,0.049
2744,43,6.621
2745,45,-3.144
2746,45,-0.026
2747,5,2.844
2748,17,-4.498
2749,54,1.322
2750,53,3.231
2751,47,3.257
2752,3,-0.331
2753,28,-2.953
2754,39,-2.133
2755,44,-1.495
2756,34,-2.463
2757,12,1.488
2758,46,1.925
2759,44,1.484
2760,23,-3.923
2761,4,1.929
2762,36,-1.223
2763,53,-1.265
2764,11,6.85
2765,47,-3.147
2766,39,1.096
2767,59,3.084
2768,25,2.673
2769,56,0.633
2770,12,0.052
2771,34,1.074
2772,24,1.289
2773,33,0.898
2774,47,-2.319
2775,57,-1.974
2776,25,3.464
2777,9,1.673
2778,41,-1.99
2779,44,-0.476
2780,46,1.912
2781,44,1.646
2782,25,-1.582
2783,45,-4.571
2784,35,0.401
2785,42,-0.083
2786,18,-4.227
2787,5,0.225
2788,19,-1.326
2789,40,2.806
2790,25,1.097
2791,23,-0.667
2792,32,1.461
2793,4,3.792
2794,12,1.269
2795,45,-3.658
2796,49,0.092
2797,59,-4.097
2798,57,-1.502
2799,24,1.929
2800,6,0.499
2801,20,-4.271
2802,51,-2.961
2803,57,0.816
2804,50,-4.235
2805,2,-0.52
2806,56,-1.772
2807,58,0.005
2808,10,-2.606
2809,10,-0.443
2810,14,-2.51
2811,23,-4.402
2812,56,-1.152
2813,56,4.358
2814,1,3.4
2815,26,6.285
2816,44,0.403
2817,47,6.985
2818,57,3.301
2819,56,-2.547
2820,20,-3.534
2821,16,-3.49
2822,4,0.806
2823,12,1.004
2824,36,3.308
2825,21,-1.363
2826,43,0.19
2827,40,4.703
2828,36,3.123
2829,43,-3.759
2830,12,-1.66
2831,32,1.274
2832,17,0.098
2833,29,-0.243
2834,32,1.097
2835,13,-3.201
2836,31,2.411
2837,35,2.927
2838,35,6.082
2839,12,-0.567
2840,59,2.313
2841,13,-3.563
2842,29,-1.365
2843,57,-4.47
2844,27,-2.666
2845,3,-0.979
2846,6,6.477
2847,21,0.918
2848,2,0.397
2849,33,-2.581
2850,58,-3.264
2851,12,-3.481
2852,35,0.383
2853,4,1.842
2854,53,-1.073
2855,28,-1.787
2856,42,-1.445
2857,49,1.374
2858,48,0.521
2859,37,-1.995
2860,39,3.259
2861,56,-2.758
2862,11,1.6
2863,27,1.197
2864,7,0.597
2865,45,-0.024
2866,42,5.099
2867,51,2.109
2868,18,-3.113
2869,4,2.101
2870,33,-0.716
2871,24,1.999
2872,44,-4.193
2873,4,0.486
2874,54,0.552
2875,31,-2.716
2876,33,-5.647
2877,15,-1.918
2878,28,-4.2
2879,5,-0.107
2880,24,2.872
2881,20,-1.734
2882,34,-0.469
2883,19,2.604
2884,50,2.918
2885,37,1.389
2886,38,-1.008
2887,49,0.892
2888,18,0.096
2889,22,-1.668
2890,5,4.858
2891,47,1.825
2892,21,3.71
2893,48,6.083
2894,9,3.688
2895,9,0.54
2896,8,-3.542
2897,35,1.661
2898,24,1.561
2899,51,1.362
2900,53,-1.611
2901,53,-0.385
2902,27,0.843
2903,4,4.504
2904,15,1.49
2905,32,-1.019
2906,46,1.169
2907,35,1.35
2908,54,3.458
2909,43,-2.585
2910,55,0.041
2911,40,-2.719
2912,40,-3.04
2913,48,-1.921
2914,24,0.293
2915,21,-2.018
2916,1,3.638
2917,58,1.085
2918,54,-2.069
2919,27,6.142
2920,48,1.082
2921,27,1.367
2922,16,6.052
2923,44,1.924
2924,58,-1.745
2925,20,1.221
2926,36,-0.637
2927,49,-0.181
2928,29,2.743
2929,30,3.104
2930,50,1.061
2931,37,-1.089
2932,30,-1.523
2933,29,-2.299
2934,55,-0.177
2935,59,3.29
2936,11,-5.352
2937,22,-3.473
2938,14,4.401
2939,5,-0.523
2940,31,0.31
2941,46,-0.366
2942,6,-3.205
2943,6,2.198
2944,4,1.531
2945,14,-2.865
2946,57,4.553
2947,1,-1.287
2948,2,-2.089
2949,7,-5.853
2950,53,-5.045
2951,45,4.221
2952,6,1.323
2953,33,2.301
2954,47,1.406
2955,37,0.762
2956,33,-4.05
2957,57,-5.36
2958,47,-2.55
2959,4,-1.09
2960,58,-0.885
2961,48,-3.753
2962,41,-1.366
2963,30,-3.009
2964,36,-3.638
2965,29,-2.545
2966,23,-3.486
2967,3,-4.676
2968,26,-1.728
2969,14,-4.647
2970,43,2.234
2971,35,2.632
2972,38,3.302
2973,9,0.711
2974,44,2.215
2975,2,-2.081
2976,35,-0.567
2977,28,-2.396
2978,13,-3.542
2979,2,3.702
2980,17,0.308
2981,1,0.292
2982,43,3.417
2983,13,1.619
2984,49,-7.146
2985,21,-3.157
2986,20,2.473
2987,8,-2.775
2988,27,-2.794
2989,52,6.726
2990,56,-0.418
2991,54,-0.627
2992,33,4.031
2993,17,2.801
2994,33,0.586
2995,46,0.931
2996,45,6.193
2997,40,-0.971
2998,3,-4.422
2999,35,-1.79
3000,38,9.559
3001,9,-0.414
3002,40,3.965
3003,46,-5.356
3004,19,0.452
3005,10,0.818
3006,18,1.394
3007,57,2.884
3008,3,0.309
3009,15,2.521
3010,49,-1.241
3011,29,0.191
3012,54,1.605
3013,57,0.64
3014,5,3.232
3015,15,1.111
3016,55,-1.25
3017,36,3.755
3018,3,2.554
3019,21,-3.465
3020,31,0.343
3021,24,-1.868
3022,48,-3.141
3023,4,-0.816
3024,42,5.435
3025,28,0.671
3026,24,-0.111
3027,28,-1.751
3028,1,4.714
3029,45,5.2
3030,53,2.275
3031,8,1.022
3032,24,-1.843
3033,54,1.123
3034,16,-8.145
3035,59,-5.079
3036,34,-0.484
3037,41,3.417
3038,40,4.84
3039,38,1.41
3040,47,-1.398
3041,48,-4.463
3042,13,4.981
3043,25,-1.515
3044,45,0.459
3045,2,3.987
3046,36,-4.682
3047,13,2.895
3048,35,-2.831
3049,38,-2.001
3050,14,-3.066
3051,30,3.086
3052,47,1.234
3053,2,-3.291
3054,2,1.888
3055,42,-2.389
3056,13,-0.559
3057,2,4.468
3058,16,-6.329
3059,6,-1.091
3060,38,5.355
3061,29,1.044
3062,13,-2.886
3063,31,-4.762
3064,7,-3.259
3065,28,-2.805
3066,18,-3.658
3067,12,3.086
3068,51,-1.066
3069,25,-1.759
3070,8,-1.942
3071,56,0.846
3072,57,1.948
3073,51,-0.726
3074,4,-2.847
3075,2,2.614
3076,3,-0.176
3077,22,-1.61
3078,48,2.075
3079,6,4.402
3080,41,-3.413
3081,7,-0.47
3082,42,2.312
3083,46,-4.037
3084,7,-0.665
3085,51,-1.302
3086,39,2.535
3087,51,-0.668
3088,34,2.057
3089,28,0.644
3090,48,-2.274
3091,51,-0.542
3092,7,2.518
3093,27,-6.138
3094,9,0.399
3095,52,0.697
3096,19,-0.756
3097,40,-4.253
3098,48,-5.4
3099,9,2.97
3100,42,4.742
3101,35,2.366
3102,35,0.551
3103,54,0.621
3104,7,-3.208
3105,27,0.765
3106,48,0.64
3107,54,0.336
3108,24,4.371
3109,46,4.23
3110,58,4.562
3111,30,-1.1
3112,49,1.985
3113,33,2.307
3114,41,0.463
3115,17,-2.569
3116,18,0.803
3117,17,1.578
3118,33,-3.366
3119,14,0.024
3120,6,-0.707
3121,50,-3.424
3122,44,4.511
3123,5,1.936
3124,58,3.004
3125,16,-3.417
3126,11,-0.494
3127,41,2.043
3128,7,4.064
3129,32,2.855
3130,25,-5.482
3131,28,3.858
3132,53,3.632
3133,57,-1.001
3134,54,-1.121
3135,18,0.009
3136,5,-3.121
3137,18,1.23
3138,26,1.984
3139,53,-0.086
3140,54,3.154
3141,33,1.606
3142,25,1.414
3143,20,-2.502
3144,19,0.27
3145,19,1.448
3146,23,5.408
3147,10,4.594
3148,4,-4.209
3149,53,-2.587
3150,27,2.197
3151,41,1.851
3152,35,4.793
3153,1,4.784
3154,30,0.638
3155,17,1.495
3156,54,0.46
3157,27,0.155
3158,51,2.735
3159,57,6.801
3160,55,-0.902
3161,44,2.067
3162,59,-3.285
3163,59,-1.594
3164,53,-1.827
3165,33,5.149
3166,17,0.761
3167,15,-0.45
3168,4,-2.697
3169,22,-0.323
3170,28,-0.865
3171,8,-2.404
3172,52,-1.046
3173,36,-0.167
3174,35,0.928
3175,38,0.879
3176,26,-1.184
3177,2,0.182
3178,33,3.135
3179,27,4.062
3180,58,-0.871
3181,20,-3.483
3182,44,-1.983
3183,53,3.545
3184,34,-2.344
3185,50,-2.474
3186,52,2.771
3187,10,4.945
3188,44,-2.526
3189,29,-0.277
3190,49,-0.599
3191,37,-2.764
3192,20,-1.04
3193,44,-1.844
3194,32,-1.012
3195,44,2.197
3196,37,2.785
3197,3,-1.442
3198,47,0.559
3199,49,1.65
3200,33,-2.359
3201,31,4.274
3202,19,-2.727
3203,17,3.875
3204,34,-2.569
3205,20,1.264
3206,49,2.58
3207,46,2.081
3208,47,-0.226
3209,9,-4.238
3210,23,4.092
3211,23,-0.182
3212,28,-4.436
3213,42,-0.077
3214,48,0.006
3215,50,0.529
3216,9,-1.52
3217,14,-3.16
3218,41,2.833
3219,55,-0.642
3220,13,-2.164
3221,48,0.626
3222,1,1.127
3223,43,1.564
3224,54,-0.32
3225,51,-3.797
3226,41,2.004
3227,51,0.545
3228,23,1.799
3229,22,4.233
3230,15,0.887
3231,11,1.853
3232,58,2.276
3233,10,1.87
3234,30,-3.089
3235,26,1.448
3236,36,-1.058
3237,52,2.687
3238,43,1.425
3239,51,-0.546
3240,53,-4.175
3241,33,1.828
3242,35,2.458
3243,55,0.222
3244,59,-1.258
3245,51,1.668
3246,49,1.071
3247,45,-2.555
3248,21,-2.21
3249,19,-2.052
3250,17,-0.167
3251,44,0.073
3252,58,-8.54
3253,28,2.191
3254,4,1.454
3255,26,4.236
3256,17,1.614
3257,9,4.417
3258,33,5.137
3259,51,-4.528
3260,37,-1.836
3261,40,3.156
3262,41,3.271
3263,43,-2.124
3264,44,-2.757
3265,10,0.136
3266,9,1.879
3267,49,-0.404
3268,38,-0.856
3269,59,1.627
3270,19,-3.742
3271,39,-0.594
3272,11,-4.267
3273,41,0.046
3274,46,5.485
3275,51,0.585
3276,11,2.547
3277,49,-4.451
3278,37,0.505
3279,6,-1.564
3280,45,0.468
3281,13,1.0
3282,1,2.234
3283,8,7.041
3284,16,-3.11
3285,22,1.119
3286,31,-2.057
3287,12,-3.599
3288,51,0.844
3289,6,-2.329
3290,43,0.209
3291,45,-2.494
3292,25,1.411
3293,12,3.041
3294,55,-5.452
3295,59,3.018
3296,15,-2.104
3297,22,0.431
3298,3,-0.845
3299,59,5.84
3300,21,-0.562
3301,42,-3.963
3302,17,3.24
3303,45,4.148
3304,52,1.56
3305,35,2.386
3306,53,0.164
3307,33,-1.928
3308,15,-4.054
3309,9,4.604
3310,4,-2.554
3311,31,3.673
3312,41,1.432
3313,24,1.741
3314,52,0.605
3315,15,1.125
3316,55,-1.183
3317,27,-1.126
3318,13,-2.037
3319,16,-2.328
3320,49,4.087
3321,2,0.084
3322,40,-1.42
3323,21,-2.727
3324,40,3.053
3325,9,0.931
3326,14,1.911
3327,15,-5.495
3328,37,6.356
3329,41,-1.978
3330,12,-3.836
3331,22,-2.364
3332,2,-6.129
3333,32,-5.256
3334,54,2.655
3335,48,0.979
3336,13,-0.634
3337,8,-1.94
3338,39,-2.407
3339,58,1.619
3340,59,2.087
3341,25,5.245
3342,56,-0.692
3343,39,3.668
3344,25,-3.327
3345,45,-3.694
3346,32,-4.099
3347,19,-2.014
3348,23,4.456
3349,34,-0.443
3350,19,-3.669
3351,39,-0.989
3352,2,1.973
3353,35,0.882
3354,13,3.282
3355,3,-0.476
3356,36,0.05
3357,43,-1.038
3358,11,0.259
3359,13,-1.84
3360,37,-2.835
3361,7,4.165
3362,47,0.618
3363,46,-4.327
3364,11,1.213
3365,13,4.338
3366,31,3.186
3367,43,3.865
3368,12,-0.834
3369,32,2.185
3370,11,-4.458
3371,35,2.821
3372,9,0.589
3373,36,-0.793
3374,19,5.505
3375,32,1.393
3376,49,6.351
3377,9,-0.106
3378,32,-2.017
3379,54,-2.09
3380,57,-1.314
3381,10,1.85
3382,42,-6.106
3383,17,-3.423
3384,16,3.397
3385,40,0.135
3386,39,-1.433
3387,10,5.779
3388,36,-0.124
3389,42,2.272
3390,7,-3.273
3391,23,-1.668
3392,43,-1.431
3393,7,-7.088
3394,8,-5.332
3395,39,1.731
3396,47,4.215
3397,45,1.445
3398,18,-1.754
3399,41,-1.912
3400,5,-0.823
3401,43,0.457
3402,12,-3.229
3403,7,5.316
3404,10,0.317
3405,46,2.037
3406,39,-0.688
3407,53,3.491
3408,36,-2.356
3409,56,3.471
3410,37,-0.046
3411,16,5.786
3412,53,0.76
3413,27,0.898
3414,29,-1.828
3415,56,0.525
3416,14,2.504
3417,44,-3.017
3418,11,2.505
3419,43,0.322
3420,19,0.596
3421,48,1.493
3422,15,-0.163
3423,53,-0.052
3424,19,-4.032
3425,48,-3.783
3426,29,3.45
3427,18,3.131
3428,37,1.404
3429,1,1.659
3430,27,0.56
3431,24,-1.496
3432,14,-0.679
3433,21,2.358
3434,20,-1.454
3435,30,-1.547
3436,45,6.25
3437,38,1.222
3438,54,0.602
3439,38,-0.002
3440,23,-2.504
3441,9,3.538
3442,15,2.454
3443,34,-6.731
3444,51,1.889
3445,19,-1.084
3446,16,3.598
3447,34,2.963
3448,8,3.599
3449,28,-0.85
3450,15,2.992
3451,11,-1.049
3452,31,-2.284
3453,20,-0.851
3454,1,4.702
3455,19,3.157
3456,20,3.708
3457,15,4.131
3458,17,2.447
3459,16,-0.716
3460,50,-2.823
3461,20,5.172
3462,26,3.223
3463,16,-0.697
3464,31,0.944
3465,26,1.522
3466,13,-0.82
3467,14,8.245
3468,20,3.911
3469,23,-0.428
3470,1,-1.54
3471,43,0.191
3472,23,0.112
3473,17,-2.131
3474,37,0.181
3475,17,1.136
3476,42,1.505
3477,34,2.146
3478,1,-0.125
3479,15,2.961
3480,40,-0.238
3481,7,5.366
3482,44,5.093
3483,22,1.65
3484,5,7.608
3485,47,-0.56
3486,1,-1.3
3487,24,-1.293
3488,45,1.586
3489,57,0.813
3490,58,2.589
3491,6,-0.085
3492,46,-1.755
3493,56,-1.475
3494,49,0.076
3495,24,-1.021
3496,33,-1.806
3497,7,-3.51
3498,16,-0.675
3499,27,-3.328
3500,21,2.984
3501,18,-2.871
3502,15,0.76
3503,9,-0.524
3504,18,-5.517
3505,11,2.679
3506,49,1.02
3507,30,-6.011
3508,34,-2.499
3509,20,2.002
3510,53,-2.983
3511,13,-2.292
3512,34,-0.018
3513,17,1.602
3514,5,0.512
3515,26,3.43
3516,38,-1.951
3517,58,-6.093
3518,56,1.392
3519,30,0.929
3520,25,-5.293
3521,28,-0.048
3522,10,1.373
3523,30,0.157
3524,30,4.435
3525,13,-3.627
3526,38,-4.97
3527,41,0.422
3528,16,-2.117
3529,51,-2.252
3530,34,3.9
3531,40,-4.775
3532,1,-0.851
3533,25,5.643
3534,29,3.948
3535,18,-0.918
3536,47,-6.246
3537,16,-0.044
3538,43,0.561
3539,19,3.733
3540,29,-3.911
3541,51,-3.451
3542,39,1.421
3543,22,-0.169
3544,19,-2.355
3545,50,0.653
3546,56,4.149
3547,49,1.389
3548,32,-1.615
3549,14,1.033
3550,19,2.041
3551,34,-1.99
3552,48,2.766
3553,3,-0.692
3554,28,-0.429
3555,4,-2.062
3556,22,-5.053
3557,58,-0.441
3558,31,-2.465
3559,56,-2.432
3560,56,-1.235
3561,17,2.117
3562,51,3.018
3563,39,4.253
3564,16,-1.662
3565,30,1.133
3566,5,-3.789
3567,22,-0.488
3568,35,-0.582
3569,27,1.2
3570,52,0.16
3571,52,0.483
3572,23,4.244
3573,8,-3.698
3574,34,3.105
3575,2,2.333
3576,57,-0.126
3577,4,-4.299
3578,13,-5.401
3579,3,1.204
3580,58,0.555
3581,7,2.16
3582,29,0.462
3583,8,-1.688
3584,54,-5.313
3585,50,2.143
3586,47,2.817
3587,11,-0.763
3588,49,1.593
3589,24,5.474
3590,18,-2.343
3591,59,-5.201
3592,24,1.43
3593,53,-0.09
3594,26,-0.987
3595,51,2.712
3596,52,4.696
3597,40,-3.866
3598,50,-2.118
3599,5,-3.763
3600,45,-5.138
3601,42,0.934
3602,20,-2.772
3603,59,5.676
3604,59,-0.442
3605,28,-6.102
3606,21,3.697
3607,52,-0.152
3608,12,-2.128
3609,40,0.867
3610,11,2.091
3611,57,-1.583
3612,49,-0.349
3613,12,-5.423
3614,21,-4.749
3615,55,-2.958
3616,25,-4.501
3617,45,-4.601
3618,40,-2.832
3619,1,0.359
3620,6,3.048
3621,6,-3.783
3622,56,-0.835
3623,10,-2.468
3624,21,-2.823
3625,9,-2.184
3626,43,-0.66
3627,58,3.823
3628,31,0.353
3629,33,1.557
3630,50,-0.48
3631,7,-0.433
3632,29,1.505
3633,25,-0.975
3634,50,-2.457
3635,6,1.18
3636,8,3.304
3637,59,2.095
3638,59,0.995
3639,45,0.679
3640,25,-1.821
3641,54,-2.658
3642,12,1.192
3643,30,4.244
3644,41,2.603
3645,1,3.175
3646,33,-2.154
3647,57,-0.115
3648,19,1.203
3649,15,4.726
3650,33,-0.347
3651,13,3.437
3652,31,-3.585
3653,17,1.046
3654,1,4.668
3655,56,2.465
3656,23,0.044
3657,18,3.85
3658,53,-2.793
3659,12,2.276
3660,26,2.05
3661,25,-5.0
3662,30,-4.677
3663,8,1.689
3664,15,2.729
3665,36,0.256
3666,25,-3.931
3667,5,2.775
3668,3,-0.108
3669,59,3.452
3670,44,-1.852
3671,53,-6.514
3672,39,-3.185
3673,19,3.215
3674,58,-3.354
3675,38,4.393
3676,25,-0.561
3677,57,-1.272
3678,9,2.185
3679,6,0.384
3680,13,1.311
3681,43,-5.675
3682,16,0.432
3683,17,-3.356
3684,37,1.861
3685,19,-4.698
3686,29,3.792
3687,51,-2.555
3688,12,3.758
3689,22,6.467
3690,57,2.966
3691,12,-3.396
3692,16,-1.854
3693,52,2.718
3694,1,0.786
3695,41,0.467
3696,32,-1.683
3697,17,-2.629
3698,9,-6.646
3699,40,-3.929
3700,22,5.173
3701,34,1.519
3702,21,2.331
3703,5,-2.539
3704,21,-0.976
3705,40,-5.762
3706,56,-0.155
3707,26,-4.787
3708,13,0.172
3709,36,1.362
3710,43,-3.736
3711,12,4.293
3712,4,-2.45
3713,18,-3.421
3714,56,-6.284
3715,14,0.012
3716,50,-4.452
3717,36,-1.657
3718,32,0.742
3719,42,-0.276
3720,12,1.902
3721,35,-1.62
3722,41,-5.215
3723,21,-1.632
3724,37,-2.586
3725,58,-2.138
3726,39,2.207
3727,51,2.629
3728,1,0.739
3729,20,0.007
3730,22,-0.758
3731,18,2.14
3732,44,-2.607
3733,45,-0.486
3734,8,-0.9
3735,9,-2.682
3736,8,0.676
3737,25,-3.64
3738,44,-4.95
3739,36,-2.289
3740,53,-2.546
3741,5,-1.315
3742,6,0.222
3743,24,0.515
3744,5,2.463
3745,47,-2.413
3746,38,-5.053
3747,39,-0.911
3748,18,-2.195
3749,42,-2.344
3750,32,1.563
3751,27,-3.633
3752,19,2.764
3753,4,0.214
3754,14,0.842
3755,51,2.584
3756,48,1.223
3757,48,-4.856
3758,27,1.982
3759,50,-0.539
3760,19,0.9
3761,8,-3.367
3762,6,-1.986
3763,38,4.919
3764,27,-0.934
3765,17,-3.358
3766,36,2.099
3767,55,0.772
3768,3,4.336
3769,10,-3.239
3770,43,-0.791
3771,14,-0.531
3772,5,1.654
3773,50,-1.806
3774,33,-0.216
3775,26,-3.382
3776,41,3.052
3777,25,-2.964
3778,37,2.762
3779,41,-0.721
3780,12,-2.648
3781,31,-1.747
3782,50,4.776
3783,47,1.22
3784,44,-0.758
3785,8,1.695
3786,39,1.353
3787,49,-0.716
3788,40,-3.499
3789,29,1.357
3790,55,-1.492
3791,50,2.402
3792,29,-0.133
3793,17,5.52
3794,15,-0.175
3795,38,8.013
3796,17,-0.562
3797,44,-7.032
3798,6,6.985
3799,24,-0.439
3800,27,-1.031
3801,44,-3.484
3802,46,-1.322
3803,17,1.421
3804,10,-0.328
3805,38,1.59
3806,2,2.488
3807,30,3.384
3808,4,-7.703
3809,1,0.099
3810,45,-2.895
3811,28,0.464
3812,1,-2.618
3813,9,-2.411
3814,38,-1.153
3815,52,0.287
3816,51,4.151
3817,13,-6.366
3818,41,2.898
3819,32,-0.072
3820,20,-2.697
3821,55,3.873
3822,18,-4.899
3823,27,-0.01
3824,21,2.05
3825,26,-0.85
3826,31,2.721
3827,40,2.199
3828,19,0.153
3829,5,-2.895
3830,9,2.465
3831,53,1.689
3832,28,-0.015
3833,30,0.144
3834,58,1.283
3835,35,0.856
3836,32,-0.259
3837,48,-3.9
3838,35,-0.399
3839,7,-1.351
3840,27,2.918
3841,38,-0.67
3842,16,0.104
3843,57,-2.52
3844,35,2.262
3845,37,-4.654
3846,38,0.714
3847,23,3.173
3848,42,-0.639
3849,22,3.319
3850,15,0.745
3851,41,1.636
3852,1,3.015
3853,23,2.439
3854,40,-2.821
3855,11,3.175
3856,32,1.035
3857,44,3.864
3858,51,1.735
3859,21,1.648
3860,57,-0.506
3861,11,-2.801
3862,9,1.824
3863,8,-3.089
3864,31,0.037
3865,52,4.602
3866,42,-0.539
3867,39,1.374
3868,38,1.574
3869,24,-3.29
3870,37,-0.117
3871,20,-1.803
3872,22,2.797
3873,52,-0.295
3874,41,-1.323
3875,43,-0.411
3876,28,-2.54
3877,22,-2.702
3878,1,-2.745
3879,15,0.974
3880,12,1.708
3881,23,-3.283
3882,28,-3.329
3883,5,-0.352
3884,23,1.663
3885,49,4.173
3886,27,-4.956
3887,2,-0.758
3888,19,0.855
3889,7,-2.322
3890,42,-0.446
3891,9,-2.926
3892,36,-1.054
3893,30,-2.338
3894,35,0.431
3895,40,1.418
3896,16,4.842
3897,28,2.134
3898,25,-0.796
3899,3,0.938
3900,59,-0.063
3901,47,-5.15
3902,22,-4.016
3903,5,1.579
3904,1,-3.975
3905,59,4.313
3906,31,-2.228
3907,11,1.299
3908,40,-2.177
3909,29,-1.803
3910,37,4.36
3911,56,8.176
3912,26,2.308
3913,25,4.765
3914,36,-4.011
3915,23,-1.004
3916,7,4.886
3917,51,4.915
3918,15,-4.741
3919,24,0.157
3920,37,-2.448
3921,56,0.745
3922,30,0.464
3923,41,-0.746
3924,45,2.552
3925,14,-2.53
3926,17,2.004
3927,3,5.003
3928,10,-0.471
3929,33,-0.028
3930,9,-1.65
3931,28,-0.947
3932,1,2.685
3933,31,1.416
3934,51,6.473
3935,41,7.799
3936,5,0.655
3937,11,3.975
3938,4,3.6
3939,42,0.964
3940,32,-0.05
3941,27,2.247
3942,31,-0.962
3943,52,-2.612
3944,47,3.048
3945,24,0.497
3946,30,2.466
3947,36,-5.984
3948,47,3.569
3949,9,-4.199
3950,33,-0.352
3951,17,-2.221
3952,55,7.695
3953,20,-2.224
3954,35,1.072
3955,3,-5.498
3956,47,-0.785
3957,24,1.933
3958,56,3.131
3959,49,-1.265
3960,41,3.541
3961,51,-3.8
3962,10,-1.706
3963,38,4.89
3964,57,-0.596
3965,33,-0.809
3966,7,3.119
3967,16,-0.605
3968,28,-1.747
3969,55,-1.377
3970,22,-5.705
3971,10,1.576
3972,37,1.766
3973,56,1.594
3974,39,6.552
3975,19,5.654
3976,3,-1.088
3977,47,1.124
3978,15,-0.418
3979,59,1.653
3980,12,-0.229
3981,47,4.188
3982,19,3.683
3983,46,-1.923
3984,8,-1.401
3985,32,0.957
3986,9,1.298
3987,36,-2.92
3988,3,0.871
3989,8,-0.159
3990,59,-7.425
3991,35,3.067
3992,35,-3.811
3993,7,0.589
3994,34,0.412
3995,52,-2.879
3996,55,2.057
3997,7,-0.437
3998,9,-0.175
3999,43,1.304
4000,20,-1.267
